Domain Code,Domain,Area Code (M49),Area,Element Code,Element,Item Code (CPC),Item,Year Code,Year,Unit,Value,Flag,Flag Description
"QV","Value of Agricultural Production","710","South Africa","152","Gross Production Value (constant 2014-2016 thousand I$)","0111","Wheat","1961","1961","1000 Int. $","206280","E","Estimated value"
"QV","Value of Agricultural Production","710","South Africa","152","Gross Production Value (constant 2014-2016 thousand I$)","0111","Wheat","1962","1962","1000 Int. $","166966","E","Estimated value"
"QV","Value of Agricultural Production","710","South Africa","152","Gross Production Value (constant 2014-2016 thousand I$)","0111","Wheat","1963","1963","1000 Int. $","208411","E","Estimated value"
"QV","Value of Agricultural Production","710","South Africa","152","Gross Production Value (constant 2014-2016 thousand I$)","0111","Wheat","1964","1964","1000 Int. $","251041","E","Estimated value"
"QV","Value of Agricultural Production","710","South Africa","152","Gross Production Value (constant 2014-2016 thousand I$)","0111","Wheat","1965","1965","1000 Int. $","155361","E","Estimated value"
"QV","Value of Agricultural Production","710","South Africa","152","Gross Production Value (constant 2014-2016 thousand I$)","0111","Wheat","1966","1966","1000 Int. $","129783","E","Estimated value"
"QV","Value of Agricultural Production","710","South Africa","152","Gross Production Value (constant 2014-2016 thousand I$)","0111","Wheat","1967","1967","1000 Int. $","255067","E","Estimated value"
"QV","Value of Agricultural Production","710","South Africa","152","Gross Production Value (constant 2014-2016 thousand I$)","0111","Wheat","1968","1968","1000 Int. $","295328","E","Estimated value"
"QV","Value of Agricultural Production","710","South Africa","152","Gross Production Value (constant 2014-2016 thousand I$)","0111","Wheat","1969","1969","1000 Int. $","311669","E","Estimated value"
"QV","Value of Agricultural Production","710","South Africa","152","Gross Production Value (constant 2014-2016 thousand I$)","0111","Wheat","1970","1970","1000 Int. $","330616","E","Estimated value"
"QV","Value of Agricultural Production","710","South Africa","152","Gross Production Value (constant 2014-2016 thousand I$)","0111","Wheat","1971","1971","1000 Int. $","395507","E","Estimated value"
"QV","Value of Agricultural Production","710","South Africa","152","Gross Production Value (constant 2014-2016 thousand I$)","0111","Wheat","1972","1972","1000 Int. $","413506","E","Estimated value"
"QV","Value of Agricultural Production","710","South Africa","152","Gross Production Value (constant 2014-2016 thousand I$)","0111","Wheat","1973","1973","1000 Int. $","443110","E","Estimated value"
"QV","Value of Agricultural Production","710","South Africa","152","Gross Production Value (constant 2014-2016 thousand I$)","0111","Wheat","1974","1974","1000 Int. $","377982","E","Estimated value"
"QV","Value of Agricultural Production","710","South Africa","152","Gross Production Value (constant 2014-2016 thousand I$)","0111","Wheat","1975","1975","1000 Int. $","424401","E","Estimated value"
"QV","Value of Agricultural Production","710","South Africa","152","Gross Production Value (constant 2014-2016 thousand I$)","0111","Wheat","1976","1976","1000 Int. $","532395","E","Estimated value"
"QV","Value of Agricultural Production","710","South Africa","152","Gross Production Value (constant 2014-2016 thousand I$)","0111","Wheat","1977","1977","1000 Int. $","445005","E","Estimated value"
"QV","Value of Agricultural Production","710","South Africa","152","Gross Production Value (constant 2014-2016 thousand I$)","0111","Wheat","1978","1978","1000 Int. $","400718","E","Estimated value"
"QV","Value of Agricultural Production","710","South Africa","152","Gross Production Value (constant 2014-2016 thousand I$)","0111","Wheat","1979","1979","1000 Int. $","494266","E","Estimated value"
"QV","Value of Agricultural Production","710","South Africa","152","Gross Production Value (constant 2014-2016 thousand I$)","0111","Wheat","1980","1980","1000 Int. $","348615","E","Estimated value"
"QV","Value of Agricultural Production","710","South Africa","152","Gross Production Value (constant 2014-2016 thousand I$)","0111","Wheat","1981","1981","1000 Int. $","557973","E","Estimated value"
"QV","Value of Agricultural Production","710","South Africa","152","Gross Production Value (constant 2014-2016 thousand I$)","0111","Wheat","1982","1982","1000 Int. $","578814","E","Estimated value"
"QV","Value of Agricultural Production","710","South Africa","152","Gross Production Value (constant 2014-2016 thousand I$)","0111","Wheat","1983","1983","1000 Int. $","422506","E","Estimated value"
"QV","Value of Agricultural Production","710","South Africa","152","Gross Production Value (constant 2014-2016 thousand I$)","0111","Wheat","1984","1984","1000 Int. $","555605","E","Estimated value"
"QV","Value of Agricultural Production","710","South Africa","152","Gross Production Value (constant 2014-2016 thousand I$)","0111","Wheat","1985","1985","1000 Int. $","400954","E","Estimated value"
"QV","Value of Agricultural Production","710","South Africa","152","Gross Production Value (constant 2014-2016 thousand I$)","0111","Wheat","1986","1986","1000 Int. $","552526","E","Estimated value"
"QV","Value of Agricultural Production","710","South Africa","152","Gross Production Value (constant 2014-2016 thousand I$)","0111","Wheat","1987","1987","1000 Int. $","746964","E","Estimated value"
"QV","Value of Agricultural Production","710","South Africa","152","Gross Production Value (constant 2014-2016 thousand I$)","0111","Wheat","1988","1988","1000 Int. $","857327","E","Estimated value"
"QV","Value of Agricultural Production","710","South Africa","152","Gross Production Value (constant 2014-2016 thousand I$)","0111","Wheat","1989","1989","1000 Int. $","476030","E","Estimated value"
"QV","Value of Agricultural Production","710","South Africa","152","Gross Production Value (constant 2014-2016 thousand I$)","0111","Wheat","1990","1990","1000 Int. $","404744","E","Estimated value"
"QV","Value of Agricultural Production","710","South Africa","152","Gross Production Value (constant 2014-2016 thousand I$)","0111","Wheat","1991","1991","1000 Int. $","507291","E","Estimated value"
"QV","Value of Agricultural Production","710","South Africa","152","Gross Production Value (constant 2014-2016 thousand I$)","0111","Wheat","1992","1992","1000 Int. $","313564","E","Estimated value"
"QV","Value of Agricultural Production","710","South Africa","152","Gross Production Value (constant 2014-2016 thousand I$)","0111","Wheat","1993","1993","1000 Int. $","469818","E","Estimated value"
"QV","Value of Agricultural Production","710","South Africa","152","Gross Production Value (constant 2014-2016 thousand I$)","0111","Wheat","1994","1994","1000 Int. $","435859","E","Estimated value"
"QV","Value of Agricultural Production","710","South Africa","152","Gross Production Value (constant 2014-2016 thousand I$)","0111","Wheat","1995","1995","1000 Int. $","468275","E","Estimated value"
"QV","Value of Agricultural Production","710","South Africa","152","Gross Production Value (constant 2014-2016 thousand I$)","0111","Wheat","1996","1996","1000 Int. $","642283","E","Estimated value"
"QV","Value of Agricultural Production","710","South Africa","152","Gross Production Value (constant 2014-2016 thousand I$)","0111","Wheat","1997","1997","1000 Int. $","575224","E","Estimated value"
"QV","Value of Agricultural Production","710","South Africa","152","Gross Production Value (constant 2014-2016 thousand I$)","0111","Wheat","1998","1998","1000 Int. $","448103","E","Estimated value"
"QV","Value of Agricultural Production","710","South Africa","152","Gross Production Value (constant 2014-2016 thousand I$)","0111","Wheat","1999","1999","1000 Int. $","410435","E","Estimated value"
"QV","Value of Agricultural Production","710","South Africa","152","Gross Production Value (constant 2014-2016 thousand I$)","0111","Wheat","2000","2000","1000 Int. $","575049","E","Estimated value"
"QV","Value of Agricultural Production","710","South Africa","152","Gross Production Value (constant 2014-2016 thousand I$)","0111","Wheat","2001","2001","1000 Int. $","593012","E","Estimated value"
"QV","Value of Agricultural Production","710","South Africa","152","Gross Production Value (constant 2014-2016 thousand I$)","0111","Wheat","2002","2002","1000 Int. $","577333","E","Estimated value"
"QV","Value of Agricultural Production","710","South Africa","152","Gross Production Value (constant 2014-2016 thousand I$)","0111","Wheat","2003","2003","1000 Int. $","366339","E","Estimated value"
"QV","Value of Agricultural Production","710","South Africa","152","Gross Production Value (constant 2014-2016 thousand I$)","0111","Wheat","2004","2004","1000 Int. $","399533","E","Estimated value"
"QV","Value of Agricultural Production","710","South Africa","152","Gross Production Value (constant 2014-2016 thousand I$)","0111","Wheat","2005","2005","1000 Int. $","451163","E","Estimated value"
"QV","Value of Agricultural Production","710","South Africa","152","Gross Production Value (constant 2014-2016 thousand I$)","0111","Wheat","2006","2006","1000 Int. $","498529","E","Estimated value"
"QV","Value of Agricultural Production","710","South Africa","152","Gross Production Value (constant 2014-2016 thousand I$)","0111","Wheat","2007","2007","1000 Int. $","451163","E","Estimated value"
"QV","Value of Agricultural Production","710","South Africa","152","Gross Production Value (constant 2014-2016 thousand I$)","0111","Wheat","2008","2008","1000 Int. $","504449","E","Estimated value"
"QV","Value of Agricultural Production","710","South Africa","152","Gross Production Value (constant 2014-2016 thousand I$)","0111","Wheat","2009","2009","1000 Int. $","463715","E","Estimated value"
"QV","Value of Agricultural Production","710","South Africa","152","Gross Production Value (constant 2014-2016 thousand I$)","0111","Wheat","2010","2010","1000 Int. $","338668","E","Estimated value"
"QV","Value of Agricultural Production","710","South Africa","152","Gross Production Value (constant 2014-2016 thousand I$)","0111","Wheat","2011","2011","1000 Int. $","474846","E","Estimated value"
"QV","Value of Agricultural Production","710","South Africa","152","Gross Production Value (constant 2014-2016 thousand I$)","0111","Wheat","2012","2012","1000 Int. $","453531","E","Estimated value"
"QV","Value of Agricultural Production","710","South Africa","152","Gross Production Value (constant 2014-2016 thousand I$)","0111","Wheat","2013","2013","1000 Int. $","442873","E","Estimated value"
"QV","Value of Agricultural Production","710","South Africa","152","Gross Production Value (constant 2014-2016 thousand I$)","0111","Wheat","2014","2014","1000 Int. $","414454","E","Estimated value"
"QV","Value of Agricultural Production","710","South Africa","152","Gross Production Value (constant 2014-2016 thousand I$)","0111","Wheat","2015","2015","1000 Int. $","341036","E","Estimated value"
"QV","Value of Agricultural Production","710","South Africa","152","Gross Production Value (constant 2014-2016 thousand I$)","0111","Wheat","2016","2016","1000 Int. $","452347","E","Estimated value"
"QV","Value of Agricultural Production","710","South Africa","152","Gross Production Value (constant 2014-2016 thousand I$)","0111","Wheat","2017","2017","1000 Int. $","363535","E","Estimated value"
"QV","Value of Agricultural Production","710","South Africa","152","Gross Production Value (constant 2014-2016 thousand I$)","0111","Wheat","2018","2018","1000 Int. $","442400","E","Estimated value"
"QV","Value of Agricultural Production","710","South Africa","152","Gross Production Value (constant 2014-2016 thousand I$)","0111","Wheat","2019","2019","1000 Int. $","363535","E","Estimated value"
"QV","Value of Agricultural Production","710","South Africa","152","Gross Production Value (constant 2014-2016 thousand I$)","0111","Wheat","2020","2020","1000 Int. $","502081","E","Estimated value"
"QV","Value of Agricultural Production","710","South Africa","152","Gross Production Value (constant 2014-2016 thousand I$)","0111","Wheat","2021","2021","1000 Int. $","534576","E","Estimated value"
"QV","Value of Agricultural Production","710","South Africa","56","Gross Production Value (current thousand SLC)","0111","Wheat","1991","1991","1000 SLC","1330182","E","Estimated value"
"QV","Value of Agricultural Production","710","South Africa","56","Gross Production Value (current thousand SLC)","0111","Wheat","1992","1992","1000 SLC","944012","E","Estimated value"
"QV","Value of Agricultural Production","710","South Africa","56","Gross Production Value (current thousand SLC)","0111","Wheat","1993","1993","1000 SLC","1493779","E","Estimated value"
"QV","Value of Agricultural Production","710","South Africa","56","Gross Production Value (current thousand SLC)","0111","Wheat","1994","1994","1000 SLC","1389487","E","Estimated value"
"QV","Value of Agricultural Production","710","South Africa","56","Gross Production Value (current thousand SLC)","0111","Wheat","1995","1995","1000 SLC","1567962","E","Estimated value"
"QV","Value of Agricultural Production","710","South Africa","56","Gross Production Value (current thousand SLC)","0111","Wheat","1996","1996","1000 SLC","2454352","E","Estimated value"
"QV","Value of Agricultural Production","710","South Africa","56","Gross Production Value (current thousand SLC)","0111","Wheat","1997","1997","1000 SLC","1986791","E","Estimated value"
"QV","Value of Agricultural Production","710","South Africa","56","Gross Production Value (current thousand SLC)","0111","Wheat","1998","1998","1000 SLC","1528801","E","Estimated value"
"QV","Value of Agricultural Production","710","South Africa","56","Gross Production Value (current thousand SLC)","0111","Wheat","1999","1999","1000 SLC","1665442","E","Estimated value"
"QV","Value of Agricultural Production","710","South Africa","56","Gross Production Value (current thousand SLC)","0111","Wheat","2000","2000","1000 SLC","2828737","E","Estimated value"
"QV","Value of Agricultural Production","710","South Africa","56","Gross Production Value (current thousand SLC)","0111","Wheat","2001","2001","1000 SLC","3560617","E","Estimated value"
"QV","Value of Agricultural Production","710","South Africa","56","Gross Production Value (current thousand SLC)","0111","Wheat","2002","2002","1000 SLC","3832135","E","Estimated value"
"QV","Value of Agricultural Production","710","South Africa","56","Gross Production Value (current thousand SLC)","0111","Wheat","2003","2003","1000 SLC","2208888","E","Estimated value"
"QV","Value of Agricultural Production","710","South Africa","56","Gross Production Value (current thousand SLC)","0111","Wheat","2004","2004","1000 SLC","1840517","E","Estimated value"
"QV","Value of Agricultural Production","710","South Africa","56","Gross Production Value (current thousand SLC)","0111","Wheat","2005","2005","1000 SLC","1969770","E","Estimated value"
"QV","Value of Agricultural Production","710","South Africa","56","Gross Production Value (current thousand SLC)","0111","Wheat","2006","2006","1000 SLC","3208020","E","Estimated value"
"QV","Value of Agricultural Production","710","South Africa","56","Gross Production Value (current thousand SLC)","0111","Wheat","2007","2007","1000 SLC","4773930","E","Estimated value"
"QV","Value of Agricultural Production","710","South Africa","56","Gross Production Value (current thousand SLC)","0111","Wheat","2008","2008","1000 SLC","4913910","E","Estimated value"
"QV","Value of Agricultural Production","710","South Africa","56","Gross Production Value (current thousand SLC)","0111","Wheat","2009","2009","1000 SLC","3148464","E","Estimated value"
"QV","Value of Agricultural Production","710","South Africa","56","Gross Production Value (current thousand SLC)","0111","Wheat","2010","2010","1000 SLC","3309020","E","Estimated value"
"QV","Value of Agricultural Production","710","South Africa","56","Gross Production Value (current thousand SLC)","0111","Wheat","2011","2011","1000 SLC","4751850","E","Estimated value"
"QV","Value of Agricultural Production","710","South Africa","56","Gross Production Value (current thousand SLC)","0111","Wheat","2012","2012","1000 SLC","5580310","E","Estimated value"
"QV","Value of Agricultural Production","710","South Africa","56","Gross Production Value (current thousand SLC)","0111","Wheat","2013","2013","1000 SLC","5385600","E","Estimated value"
"QV","Value of Agricultural Production","710","South Africa","56","Gross Production Value (current thousand SLC)","0111","Wheat","2014","2014","1000 SLC","5342750","E","Estimated value"
"QV","Value of Agricultural Production","710","South Africa","56","Gross Production Value (current thousand SLC)","0111","Wheat","2015","2015","1000 SLC","5431680","E","Estimated value"
"QV","Value of Agricultural Production","710","South Africa","56","Gross Production Value (current thousand SLC)","0111","Wheat","2016","2016","1000 SLC","7076550","E","Estimated value"
"QV","Value of Agricultural Production","710","South Africa","56","Gross Production Value (current thousand SLC)","0111","Wheat","2017","2017","1000 SLC","5664150","E","Estimated value"
"QV","Value of Agricultural Production","710","South Africa","56","Gross Production Value (current thousand SLC)","0111","Wheat","2018","2018","1000 SLC","6999396","E","Estimated value"
"QV","Value of Agricultural Production","710","South Africa","56","Gross Production Value (current thousand SLC)","0111","Wheat","2019","2019","1000 SLC","6272010","E","Estimated value"
"QV","Value of Agricultural Production","710","South Africa","56","Gross Production Value (current thousand SLC)","0111","Wheat","2020","2020","1000 SLC","10311680","E","Estimated value"
"QV","Value of Agricultural Production","710","South Africa","56","Gross Production Value (current thousand SLC)","0111","Wheat","2021","2021","1000 SLC","11593005","E","Estimated value"
"QV","Value of Agricultural Production","710","South Africa","55","Gross Production Value (constant 2014-2016 thousand SLC)","0111","Wheat","1961","1961","1000 SLC","3057210","E","Estimated value"
"QV","Value of Agricultural Production","710","South Africa","55","Gross Production Value (constant 2014-2016 thousand SLC)","0111","Wheat","1962","1962","1000 SLC","2474550","E","Estimated value"
"QV","Value of Agricultural Production","710","South Africa","55","Gross Production Value (constant 2014-2016 thousand SLC)","0111","Wheat","1963","1963","1000 SLC","3088800","E","Estimated value"
"QV","Value of Agricultural Production","710","South Africa","55","Gross Production Value (constant 2014-2016 thousand SLC)","0111","Wheat","1964","1964","1000 SLC","3720600","E","Estimated value"
"QV","Value of Agricultural Production","710","South Africa","55","Gross Production Value (constant 2014-2016 thousand SLC)","0111","Wheat","1965","1965","1000 SLC","2302560","E","Estimated value"
"QV","Value of Agricultural Production","710","South Africa","55","Gross Production Value (constant 2014-2016 thousand SLC)","0111","Wheat","1966","1966","1000 SLC","1923480","E","Estimated value"
"QV","Value of Agricultural Production","710","South Africa","55","Gross Production Value (constant 2014-2016 thousand SLC)","0111","Wheat","1967","1967","1000 SLC","3780270","E","Estimated value"
"QV","Value of Agricultural Production","710","South Africa","55","Gross Production Value (constant 2014-2016 thousand SLC)","0111","Wheat","1968","1968","1000 SLC","4376970","E","Estimated value"
"QV","Value of Agricultural Production","710","South Africa","55","Gross Production Value (constant 2014-2016 thousand SLC)","0111","Wheat","1969","1969","1000 SLC","4619160","E","Estimated value"
"QV","Value of Agricultural Production","710","South Africa","55","Gross Production Value (constant 2014-2016 thousand SLC)","0111","Wheat","1970","1970","1000 SLC","4899960","E","Estimated value"
"QV","Value of Agricultural Production","710","South Africa","55","Gross Production Value (constant 2014-2016 thousand SLC)","0111","Wheat","1971","1971","1000 SLC","5861700","E","Estimated value"
"QV","Value of Agricultural Production","710","South Africa","55","Gross Production Value (constant 2014-2016 thousand SLC)","0111","Wheat","1972","1972","1000 SLC","6128460","E","Estimated value"
"QV","Value of Agricultural Production","710","South Africa","55","Gross Production Value (constant 2014-2016 thousand SLC)","0111","Wheat","1973","1973","1000 SLC","6567210","E","Estimated value"
"QV","Value of Agricultural Production","710","South Africa","55","Gross Production Value (constant 2014-2016 thousand SLC)","0111","Wheat","1974","1974","1000 SLC","5601960","E","Estimated value"
"QV","Value of Agricultural Production","710","South Africa","55","Gross Production Value (constant 2014-2016 thousand SLC)","0111","Wheat","1975","1975","1000 SLC","6289920","E","Estimated value"
"QV","Value of Agricultural Production","710","South Africa","55","Gross Production Value (constant 2014-2016 thousand SLC)","0111","Wheat","1976","1976","1000 SLC","7890480","E","Estimated value"
"QV","Value of Agricultural Production","710","South Africa","55","Gross Production Value (constant 2014-2016 thousand SLC)","0111","Wheat","1977","1977","1000 SLC","6595290","E","Estimated value"
"QV","Value of Agricultural Production","710","South Africa","55","Gross Production Value (constant 2014-2016 thousand SLC)","0111","Wheat","1978","1978","1000 SLC","5938920","E","Estimated value"
"QV","Value of Agricultural Production","710","South Africa","55","Gross Production Value (constant 2014-2016 thousand SLC)","0111","Wheat","1979","1979","1000 SLC","7325370","E","Estimated value"
"QV","Value of Agricultural Production","710","South Africa","55","Gross Production Value (constant 2014-2016 thousand SLC)","0111","Wheat","1980","1980","1000 SLC","5166720","E","Estimated value"
"QV","Value of Agricultural Production","710","South Africa","55","Gross Production Value (constant 2014-2016 thousand SLC)","0111","Wheat","1981","1981","1000 SLC","8269560","E","Estimated value"
"QV","Value of Agricultural Production","710","South Africa","55","Gross Production Value (constant 2014-2016 thousand SLC)","0111","Wheat","1982","1982","1000 SLC","8578440","E","Estimated value"
"QV","Value of Agricultural Production","710","South Africa","55","Gross Production Value (constant 2014-2016 thousand SLC)","0111","Wheat","1983","1983","1000 SLC","6261840","E","Estimated value"
"QV","Value of Agricultural Production","710","South Africa","55","Gross Production Value (constant 2014-2016 thousand SLC)","0111","Wheat","1984","1984","1000 SLC","8234460","E","Estimated value"
"QV","Value of Agricultural Production","710","South Africa","55","Gross Production Value (constant 2014-2016 thousand SLC)","0111","Wheat","1985","1985","1000 SLC","5942430","E","Estimated value"
"QV","Value of Agricultural Production","710","South Africa","55","Gross Production Value (constant 2014-2016 thousand SLC)","0111","Wheat","1986","1986","1000 SLC","8188830","E","Estimated value"
"QV","Value of Agricultural Production","710","South Africa","55","Gross Production Value (constant 2014-2016 thousand SLC)","0111","Wheat","1987","1987","1000 SLC","11070540","E","Estimated value"
"QV","Value of Agricultural Production","710","South Africa","55","Gross Production Value (constant 2014-2016 thousand SLC)","0111","Wheat","1988","1988","1000 SLC","12706200","E","Estimated value"
"QV","Value of Agricultural Production","710","South Africa","55","Gross Production Value (constant 2014-2016 thousand SLC)","0111","Wheat","1989","1989","1000 SLC","7055100","E","Estimated value"
"QV","Value of Agricultural Production","710","South Africa","55","Gross Production Value (constant 2014-2016 thousand SLC)","0111","Wheat","1990","1990","1000 SLC","5998590","E","Estimated value"
"QV","Value of Agricultural Production","710","South Africa","55","Gross Production Value (constant 2014-2016 thousand SLC)","0111","Wheat","1991","1991","1000 SLC","7518420","E","Estimated value"
"QV","Value of Agricultural Production","710","South Africa","55","Gross Production Value (constant 2014-2016 thousand SLC)","0111","Wheat","1992","1992","1000 SLC","4647240","E","Estimated value"
"QV","Value of Agricultural Production","710","South Africa","55","Gross Production Value (constant 2014-2016 thousand SLC)","0111","Wheat","1993","1993","1000 SLC","6963033","E","Estimated value"
"QV","Value of Agricultural Production","710","South Africa","55","Gross Production Value (constant 2014-2016 thousand SLC)","0111","Wheat","1994","1994","1000 SLC","6459734","E","Estimated value"
"QV","Value of Agricultural Production","710","South Africa","55","Gross Production Value (constant 2014-2016 thousand SLC)","0111","Wheat","1995","1995","1000 SLC","6940162","E","Estimated value"
"QV","Value of Agricultural Production","710","South Africa","55","Gross Production Value (constant 2014-2016 thousand SLC)","0111","Wheat","1996","1996","1000 SLC","9519088","E","Estimated value"
"QV","Value of Agricultural Production","710","South Africa","55","Gross Production Value (constant 2014-2016 thousand SLC)","0111","Wheat","1997","1997","1000 SLC","8525228","E","Estimated value"
"QV","Value of Agricultural Production","710","South Africa","55","Gross Production Value (constant 2014-2016 thousand SLC)","0111","Wheat","1998","1998","1000 SLC","6641201","E","Estimated value"
"QV","Value of Agricultural Production","710","South Africa","55","Gross Production Value (constant 2014-2016 thousand SLC)","0111","Wheat","1999","1999","1000 SLC","6082935","E","Estimated value"
"QV","Value of Agricultural Production","710","South Africa","55","Gross Production Value (constant 2014-2016 thousand SLC)","0111","Wheat","2000","2000","1000 SLC","8522631","E","Estimated value"
"QV","Value of Agricultural Production","710","South Africa","55","Gross Production Value (constant 2014-2016 thousand SLC)","0111","Wheat","2001","2001","1000 SLC","8788865","E","Estimated value"
"QV","Value of Agricultural Production","710","South Africa","55","Gross Production Value (constant 2014-2016 thousand SLC)","0111","Wheat","2002","2002","1000 SLC","8556485","E","Estimated value"
"QV","Value of Agricultural Production","710","South Africa","55","Gross Production Value (constant 2014-2016 thousand SLC)","0111","Wheat","2003","2003","1000 SLC","5429408","E","Estimated value"
"QV","Value of Agricultural Production","710","South Africa","55","Gross Production Value (constant 2014-2016 thousand SLC)","0111","Wheat","2004","2004","1000 SLC","5921370","E","Estimated value"
"QV","Value of Agricultural Production","710","South Africa","55","Gross Production Value (constant 2014-2016 thousand SLC)","0111","Wheat","2005","2005","1000 SLC","6686550","E","Estimated value"
"QV","Value of Agricultural Production","710","South Africa","55","Gross Production Value (constant 2014-2016 thousand SLC)","0111","Wheat","2006","2006","1000 SLC","7388550","E","Estimated value"
"QV","Value of Agricultural Production","710","South Africa","55","Gross Production Value (constant 2014-2016 thousand SLC)","0111","Wheat","2007","2007","1000 SLC","6686550","E","Estimated value"
"QV","Value of Agricultural Production","710","South Africa","55","Gross Production Value (constant 2014-2016 thousand SLC)","0111","Wheat","2008","2008","1000 SLC","7476300","E","Estimated value"
"QV","Value of Agricultural Production","710","South Africa","55","Gross Production Value (constant 2014-2016 thousand SLC)","0111","Wheat","2009","2009","1000 SLC","6872580","E","Estimated value"
"QV","Value of Agricultural Production","710","South Africa","55","Gross Production Value (constant 2014-2016 thousand SLC)","0111","Wheat","2010","2010","1000 SLC","5019300","E","Estimated value"
"QV","Value of Agricultural Production","710","South Africa","55","Gross Production Value (constant 2014-2016 thousand SLC)","0111","Wheat","2011","2011","1000 SLC","7037550","E","Estimated value"
"QV","Value of Agricultural Production","710","South Africa","55","Gross Production Value (constant 2014-2016 thousand SLC)","0111","Wheat","2012","2012","1000 SLC","6721650","E","Estimated value"
"QV","Value of Agricultural Production","710","South Africa","55","Gross Production Value (constant 2014-2016 thousand SLC)","0111","Wheat","2013","2013","1000 SLC","6563700","E","Estimated value"
"QV","Value of Agricultural Production","710","South Africa","55","Gross Production Value (constant 2014-2016 thousand SLC)","0111","Wheat","2014","2014","1000 SLC","6142500","E","Estimated value"
"QV","Value of Agricultural Production","710","South Africa","55","Gross Production Value (constant 2014-2016 thousand SLC)","0111","Wheat","2015","2015","1000 SLC","5054400","E","Estimated value"
"QV","Value of Agricultural Production","710","South Africa","55","Gross Production Value (constant 2014-2016 thousand SLC)","0111","Wheat","2016","2016","1000 SLC","6704100","E","Estimated value"
"QV","Value of Agricultural Production","710","South Africa","55","Gross Production Value (constant 2014-2016 thousand SLC)","0111","Wheat","2017","2017","1000 SLC","5387850","E","Estimated value"
"QV","Value of Agricultural Production","710","South Africa","55","Gross Production Value (constant 2014-2016 thousand SLC)","0111","Wheat","2018","2018","1000 SLC","6556680","E","Estimated value"
"QV","Value of Agricultural Production","710","South Africa","55","Gross Production Value (constant 2014-2016 thousand SLC)","0111","Wheat","2019","2019","1000 SLC","5387850","E","Estimated value"
"QV","Value of Agricultural Production","710","South Africa","55","Gross Production Value (constant 2014-2016 thousand SLC)","0111","Wheat","2020","2020","1000 SLC","7441200","E","Estimated value"
"QV","Value of Agricultural Production","710","South Africa","55","Gross Production Value (constant 2014-2016 thousand SLC)","0111","Wheat","2021","2021","1000 SLC","7922790","E","Estimated value"
"QV","Value of Agricultural Production","710","South Africa","57","Gross Production Value (current thousand US$)","0111","Wheat","1991","1991","1000 USD","481723","E","Estimated value"
"QV","Value of Agricultural Production","710","South Africa","57","Gross Production Value (current thousand US$)","0111","Wheat","1992","1992","1000 USD","331000","E","Estimated value"
"QV","Value of Agricultural Production","710","South Africa","57","Gross Production Value (current thousand US$)","0111","Wheat","1993","1993","1000 USD","457135","E","Estimated value"
"QV","Value of Agricultural Production","710","South Africa","57","Gross Production Value (current thousand US$)","0111","Wheat","1994","1994","1000 USD","391317","E","Estimated value"
"QV","Value of Agricultural Production","710","South Africa","57","Gross Production Value (current thousand US$)","0111","Wheat","1995","1995","1000 USD","432291","E","Estimated value"
"QV","Value of Agricultural Production","710","South Africa","57","Gross Production Value (current thousand US$)","0111","Wheat","1996","1996","1000 USD","570872","E","Estimated value"
"QV","Value of Agricultural Production","710","South Africa","57","Gross Production Value (current thousand US$)","0111","Wheat","1997","1997","1000 USD","431161","E","Estimated value"
"QV","Value of Agricultural Production","710","South Africa","57","Gross Production Value (current thousand US$)","0111","Wheat","1998","1998","1000 USD","276541","E","Estimated value"
"QV","Value of Agricultural Production","710","South Africa","57","Gross Production Value (current thousand US$)","0111","Wheat","1999","1999","1000 USD","272599","E","Estimated value"
"QV","Value of Agricultural Production","710","South Africa","57","Gross Production Value (current thousand US$)","0111","Wheat","2000","2000","1000 USD","407611","E","Estimated value"
"QV","Value of Agricultural Production","710","South Africa","57","Gross Production Value (current thousand US$)","0111","Wheat","2001","2001","1000 USD","413583","E","Estimated value"
"QV","Value of Agricultural Production","710","South Africa","57","Gross Production Value (current thousand US$)","0111","Wheat","2002","2002","1000 USD","363556","E","Estimated value"
"QV","Value of Agricultural Production","710","South Africa","57","Gross Production Value (current thousand US$)","0111","Wheat","2003","2003","1000 USD","291999","E","Estimated value"
"QV","Value of Agricultural Production","710","South Africa","57","Gross Production Value (current thousand US$)","0111","Wheat","2004","2004","1000 USD","284923","E","Estimated value"
"QV","Value of Agricultural Production","710","South Africa","57","Gross Production Value (current thousand US$)","0111","Wheat","2005","2005","1000 USD","309746","E","Estimated value"
"QV","Value of Agricultural Production","710","South Africa","57","Gross Production Value (current thousand US$)","0111","Wheat","2006","2006","1000 USD","473753","E","Estimated value"
"QV","Value of Agricultural Production","710","South Africa","57","Gross Production Value (current thousand US$)","0111","Wheat","2007","2007","1000 USD","677595","E","Estimated value"
"QV","Value of Agricultural Production","710","South Africa","57","Gross Production Value (current thousand US$)","0111","Wheat","2008","2008","1000 USD","594818","E","Estimated value"
"QV","Value of Agricultural Production","710","South Africa","57","Gross Production Value (current thousand US$)","0111","Wheat","2009","2009","1000 USD","371557","E","Estimated value"
"QV","Value of Agricultural Production","710","South Africa","57","Gross Production Value (current thousand US$)","0111","Wheat","2010","2010","1000 USD","451976","E","Estimated value"
"QV","Value of Agricultural Production","710","South Africa","57","Gross Production Value (current thousand US$)","0111","Wheat","2011","2011","1000 USD","654423","E","Estimated value"
"QV","Value of Agricultural Production","710","South Africa","57","Gross Production Value (current thousand US$)","0111","Wheat","2012","2012","1000 USD","679699","E","Estimated value"
"QV","Value of Agricultural Production","710","South Africa","57","Gross Production Value (current thousand US$)","0111","Wheat","2013","2013","1000 USD","557801","E","Estimated value"
"QV","Value of Agricultural Production","710","South Africa","57","Gross Production Value (current thousand US$)","0111","Wheat","2014","2014","1000 USD","492299","E","Estimated value"
"QV","Value of Agricultural Production","710","South Africa","57","Gross Production Value (current thousand US$)","0111","Wheat","2015","2015","1000 USD","425716","E","Estimated value"
"QV","Value of Agricultural Production","710","South Africa","57","Gross Production Value (current thousand US$)","0111","Wheat","2016","2016","1000 USD","481083","E","Estimated value"
"QV","Value of Agricultural Production","710","South Africa","57","Gross Production Value (current thousand US$)","0111","Wheat","2017","2017","1000 USD","425115","E","Estimated value"
"QV","Value of Agricultural Production","710","South Africa","57","Gross Production Value (current thousand US$)","0111","Wheat","2018","2018","1000 USD","528898","E","Estimated value"
"QV","Value of Agricultural Production","710","South Africa","57","Gross Production Value (current thousand US$)","0111","Wheat","2019","2019","1000 USD","434096","E","Estimated value"
"QV","Value of Agricultural Production","710","South Africa","57","Gross Production Value (current thousand US$)","0111","Wheat","2020","2020","1000 USD","626503","E","Estimated value"
"QV","Value of Agricultural Production","710","South Africa","57","Gross Production Value (current thousand US$)","0111","Wheat","2021","2021","1000 USD","784441","E","Estimated value"
"QV","Value of Agricultural Production","710","South Africa","58","Gross Production Value (constant 2014-2016 thousand US$)","0111","Wheat","1961","1961","1000 USD","240636","E","Estimated value"
"QV","Value of Agricultural Production","710","South Africa","58","Gross Production Value (constant 2014-2016 thousand US$)","0111","Wheat","1962","1962","1000 USD","194774","E","Estimated value"
"QV","Value of Agricultural Production","710","South Africa","58","Gross Production Value (constant 2014-2016 thousand US$)","0111","Wheat","1963","1963","1000 USD","243122","E","Estimated value"
"QV","Value of Agricultural Production","710","South Africa","58","Gross Production Value (constant 2014-2016 thousand US$)","0111","Wheat","1964","1964","1000 USD","292852","E","Estimated value"
"QV","Value of Agricultural Production","710","South Africa","58","Gross Production Value (constant 2014-2016 thousand US$)","0111","Wheat","1965","1965","1000 USD","181237","E","Estimated value"
"QV","Value of Agricultural Production","710","South Africa","58","Gross Production Value (constant 2014-2016 thousand US$)","0111","Wheat","1966","1966","1000 USD","151399","E","Estimated value"
"QV","Value of Agricultural Production","710","South Africa","58","Gross Production Value (constant 2014-2016 thousand US$)","0111","Wheat","1967","1967","1000 USD","297548","E","Estimated value"
"QV","Value of Agricultural Production","710","South Africa","58","Gross Production Value (constant 2014-2016 thousand US$)","0111","Wheat","1968","1968","1000 USD","344515","E","Estimated value"
"QV","Value of Agricultural Production","710","South Africa","58","Gross Production Value (constant 2014-2016 thousand US$)","0111","Wheat","1969","1969","1000 USD","363578","E","Estimated value"
"QV","Value of Agricultural Production","710","South Africa","58","Gross Production Value (constant 2014-2016 thousand US$)","0111","Wheat","1970","1970","1000 USD","385680","E","Estimated value"
"QV","Value of Agricultural Production","710","South Africa","58","Gross Production Value (constant 2014-2016 thousand US$)","0111","Wheat","1971","1971","1000 USD","461380","E","Estimated value"
"QV","Value of Agricultural Production","710","South Africa","58","Gross Production Value (constant 2014-2016 thousand US$)","0111","Wheat","1972","1972","1000 USD","482377","E","Estimated value"
"QV","Value of Agricultural Production","710","South Africa","58","Gross Production Value (constant 2014-2016 thousand US$)","0111","Wheat","1973","1973","1000 USD","516911","E","Estimated value"
"QV","Value of Agricultural Production","710","South Africa","58","Gross Production Value (constant 2014-2016 thousand US$)","0111","Wheat","1974","1974","1000 USD","440935","E","Estimated value"
"QV","Value of Agricultural Production","710","South Africa","58","Gross Production Value (constant 2014-2016 thousand US$)","0111","Wheat","1975","1975","1000 USD","495085","E","Estimated value"
"QV","Value of Agricultural Production","710","South Africa","58","Gross Production Value (constant 2014-2016 thousand US$)","0111","Wheat","1976","1976","1000 USD","621067","E","Estimated value"
"QV","Value of Agricultural Production","710","South Africa","58","Gross Production Value (constant 2014-2016 thousand US$)","0111","Wheat","1977","1977","1000 USD","519121","E","Estimated value"
"QV","Value of Agricultural Production","710","South Africa","58","Gross Production Value (constant 2014-2016 thousand US$)","0111","Wheat","1978","1978","1000 USD","467458","E","Estimated value"
"QV","Value of Agricultural Production","710","South Africa","58","Gross Production Value (constant 2014-2016 thousand US$)","0111","Wheat","1979","1979","1000 USD","576587","E","Estimated value"
"QV","Value of Agricultural Production","710","South Africa","58","Gross Production Value (constant 2014-2016 thousand US$)","0111","Wheat","1980","1980","1000 USD","406677","E","Estimated value"
"QV","Value of Agricultural Production","710","South Africa","58","Gross Production Value (constant 2014-2016 thousand US$)","0111","Wheat","1981","1981","1000 USD","650905","E","Estimated value"
"QV","Value of Agricultural Production","710","South Africa","58","Gross Production Value (constant 2014-2016 thousand US$)","0111","Wheat","1982","1982","1000 USD","675217","E","Estimated value"
"QV","Value of Agricultural Production","710","South Africa","58","Gross Production Value (constant 2014-2016 thousand US$)","0111","Wheat","1983","1983","1000 USD","492875","E","Estimated value"
"QV","Value of Agricultural Production","710","South Africa","58","Gross Production Value (constant 2014-2016 thousand US$)","0111","Wheat","1984","1984","1000 USD","648142","E","Estimated value"
"QV","Value of Agricultural Production","710","South Africa","58","Gross Production Value (constant 2014-2016 thousand US$)","0111","Wheat","1985","1985","1000 USD","467734","E","Estimated value"
"QV","Value of Agricultural Production","710","South Africa","58","Gross Production Value (constant 2014-2016 thousand US$)","0111","Wheat","1986","1986","1000 USD","644550","E","Estimated value"
"QV","Value of Agricultural Production","710","South Africa","58","Gross Production Value (constant 2014-2016 thousand US$)","0111","Wheat","1987","1987","1000 USD","871372","E","Estimated value"
"QV","Value of Agricultural Production","710","South Africa","58","Gross Production Value (constant 2014-2016 thousand US$)","0111","Wheat","1988","1988","1000 USD","1000117","E","Estimated value"
"QV","Value of Agricultural Production","710","South Africa","58","Gross Production Value (constant 2014-2016 thousand US$)","0111","Wheat","1989","1989","1000 USD","555313","E","Estimated value"
"QV","Value of Agricultural Production","710","South Africa","58","Gross Production Value (constant 2014-2016 thousand US$)","0111","Wheat","1990","1990","1000 USD","472154","E","Estimated value"
"QV","Value of Agricultural Production","710","South Africa","58","Gross Production Value (constant 2014-2016 thousand US$)","0111","Wheat","1991","1991","1000 USD","591782","E","Estimated value"
"QV","Value of Agricultural Production","710","South Africa","58","Gross Production Value (constant 2014-2016 thousand US$)","0111","Wheat","1992","1992","1000 USD","365788","E","Estimated value"
"QV","Value of Agricultural Production","710","South Africa","58","Gross Production Value (constant 2014-2016 thousand US$)","0111","Wheat","1993","1993","1000 USD","548067","E","Estimated value"
"QV","Value of Agricultural Production","710","South Africa","58","Gross Production Value (constant 2014-2016 thousand US$)","0111","Wheat","1994","1994","1000 USD","508451","E","Estimated value"
"QV","Value of Agricultural Production","710","South Africa","58","Gross Production Value (constant 2014-2016 thousand US$)","0111","Wheat","1995","1995","1000 USD","546266","E","Estimated value"
"QV","Value of Agricultural Production","710","South Africa","58","Gross Production Value (constant 2014-2016 thousand US$)","0111","Wheat","1996","1996","1000 USD","749256","E","Estimated value"
"QV","Value of Agricultural Production","710","South Africa","58","Gross Production Value (constant 2014-2016 thousand US$)","0111","Wheat","1997","1997","1000 USD","671028","E","Estimated value"
"QV","Value of Agricultural Production","710","South Africa","58","Gross Production Value (constant 2014-2016 thousand US$)","0111","Wheat","1998","1998","1000 USD","522735","E","Estimated value"
"QV","Value of Agricultural Production","710","South Africa","58","Gross Production Value (constant 2014-2016 thousand US$)","0111","Wheat","1999","1999","1000 USD","478793","E","Estimated value"
"QV","Value of Agricultural Production","710","South Africa","58","Gross Production Value (constant 2014-2016 thousand US$)","0111","Wheat","2000","2000","1000 USD","670824","E","Estimated value"
"QV","Value of Agricultural Production","710","South Africa","58","Gross Production Value (constant 2014-2016 thousand US$)","0111","Wheat","2001","2001","1000 USD","691779","E","Estimated value"
"QV","Value of Agricultural Production","710","South Africa","58","Gross Production Value (constant 2014-2016 thousand US$)","0111","Wheat","2002","2002","1000 USD","673489","E","Estimated value"
"QV","Value of Agricultural Production","710","South Africa","58","Gross Production Value (constant 2014-2016 thousand US$)","0111","Wheat","2003","2003","1000 USD","427354","E","Estimated value"
"QV","Value of Agricultural Production","710","South Africa","58","Gross Production Value (constant 2014-2016 thousand US$)","0111","Wheat","2004","2004","1000 USD","466076","E","Estimated value"
"QV","Value of Agricultural Production","710","South Africa","58","Gross Production Value (constant 2014-2016 thousand US$)","0111","Wheat","2005","2005","1000 USD","526304","E","Estimated value"
"QV","Value of Agricultural Production","710","South Africa","58","Gross Production Value (constant 2014-2016 thousand US$)","0111","Wheat","2006","2006","1000 USD","581559","E","Estimated value"
"QV","Value of Agricultural Production","710","South Africa","58","Gross Production Value (constant 2014-2016 thousand US$)","0111","Wheat","2007","2007","1000 USD","526304","E","Estimated value"
"QV","Value of Agricultural Production","710","South Africa","58","Gross Production Value (constant 2014-2016 thousand US$)","0111","Wheat","2008","2008","1000 USD","588466","E","Estimated value"
"QV","Value of Agricultural Production","710","South Africa","58","Gross Production Value (constant 2014-2016 thousand US$)","0111","Wheat","2009","2009","1000 USD","540947","E","Estimated value"
"QV","Value of Agricultural Production","710","South Africa","58","Gross Production Value (constant 2014-2016 thousand US$)","0111","Wheat","2010","2010","1000 USD","395074","E","Estimated value"
"QV","Value of Agricultural Production","710","South Africa","58","Gross Production Value (constant 2014-2016 thousand US$)","0111","Wheat","2011","2011","1000 USD","553932","E","Estimated value"
"QV","Value of Agricultural Production","710","South Africa","58","Gross Production Value (constant 2014-2016 thousand US$)","0111","Wheat","2012","2012","1000 USD","529067","E","Estimated value"
"QV","Value of Agricultural Production","710","South Africa","58","Gross Production Value (constant 2014-2016 thousand US$)","0111","Wheat","2013","2013","1000 USD","516635","E","Estimated value"
"QV","Value of Agricultural Production","710","South Africa","58","Gross Production Value (constant 2014-2016 thousand US$)","0111","Wheat","2014","2014","1000 USD","483482","E","Estimated value"
"QV","Value of Agricultural Production","710","South Africa","58","Gross Production Value (constant 2014-2016 thousand US$)","0111","Wheat","2015","2015","1000 USD","397836","E","Estimated value"
"QV","Value of Agricultural Production","710","South Africa","58","Gross Production Value (constant 2014-2016 thousand US$)","0111","Wheat","2016","2016","1000 USD","527686","E","Estimated value"
"QV","Value of Agricultural Production","710","South Africa","58","Gross Production Value (constant 2014-2016 thousand US$)","0111","Wheat","2017","2017","1000 USD","424083","E","Estimated value"
"QV","Value of Agricultural Production","710","South Africa","58","Gross Production Value (constant 2014-2016 thousand US$)","0111","Wheat","2018","2018","1000 USD","516082","E","Estimated value"
"QV","Value of Agricultural Production","710","South Africa","58","Gross Production Value (constant 2014-2016 thousand US$)","0111","Wheat","2019","2019","1000 USD","424083","E","Estimated value"
"QV","Value of Agricultural Production","710","South Africa","58","Gross Production Value (constant 2014-2016 thousand US$)","0111","Wheat","2020","2020","1000 USD","585704","E","Estimated value"
"QV","Value of Agricultural Production","710","South Africa","58","Gross Production Value (constant 2014-2016 thousand US$)","0111","Wheat","2021","2021","1000 USD","623610","E","Estimated value"
"QV","Value of Agricultural Production","716","Zimbabwe","152","Gross Production Value (constant 2014-2016 thousand I$)","0111","Wheat","1961","1961","1000 Int. $","191","E","Estimated value"
"QV","Value of Agricultural Production","716","Zimbabwe","152","Gross Production Value (constant 2014-2016 thousand I$)","0111","Wheat","1962","1962","1000 Int. $","288","E","Estimated value"
"QV","Value of Agricultural Production","716","Zimbabwe","152","Gross Production Value (constant 2014-2016 thousand I$)","0111","Wheat","1963","1963","1000 Int. $","443","E","Estimated value"
"QV","Value of Agricultural Production","716","Zimbabwe","152","Gross Production Value (constant 2014-2016 thousand I$)","0111","Wheat","1964","1964","1000 Int. $","915","E","Estimated value"
"QV","Value of Agricultural Production","716","Zimbabwe","152","Gross Production Value (constant 2014-2016 thousand I$)","0111","Wheat","1965","1965","1000 Int. $","902","E","Estimated value"
"QV","Value of Agricultural Production","716","Zimbabwe","152","Gross Production Value (constant 2014-2016 thousand I$)","0111","Wheat","1966","1966","1000 Int. $","2103","E","Estimated value"
"QV","Value of Agricultural Production","716","Zimbabwe","152","Gross Production Value (constant 2014-2016 thousand I$)","0111","Wheat","1967","1967","1000 Int. $","3328","E","Estimated value"
"QV","Value of Agricultural Production","716","Zimbabwe","152","Gross Production Value (constant 2014-2016 thousand I$)","0111","Wheat","1968","1968","1000 Int. $","6210","E","Estimated value"
"QV","Value of Agricultural Production","716","Zimbabwe","152","Gross Production Value (constant 2014-2016 thousand I$)","0111","Wheat","1969","1969","1000 Int. $","9222","E","Estimated value"
"QV","Value of Agricultural Production","716","Zimbabwe","152","Gross Production Value (constant 2014-2016 thousand I$)","0111","Wheat","1970","1970","1000 Int. $","12819","E","Estimated value"
"QV","Value of Agricultural Production","716","Zimbabwe","152","Gross Production Value (constant 2014-2016 thousand I$)","0111","Wheat","1971","1971","1000 Int. $","20648","E","Estimated value"
"QV","Value of Agricultural Production","716","Zimbabwe","152","Gross Production Value (constant 2014-2016 thousand I$)","0111","Wheat","1972","1972","1000 Int. $","19429","E","Estimated value"
"QV","Value of Agricultural Production","716","Zimbabwe","152","Gross Production Value (constant 2014-2016 thousand I$)","0111","Wheat","1973","1973","1000 Int. $","19875","E","Estimated value"
"QV","Value of Agricultural Production","716","Zimbabwe","152","Gross Production Value (constant 2014-2016 thousand I$)","0111","Wheat","1974","1974","1000 Int. $","23063","E","Estimated value"
"QV","Value of Agricultural Production","716","Zimbabwe","152","Gross Production Value (constant 2014-2016 thousand I$)","0111","Wheat","1975","1975","1000 Int. $","28676","E","Estimated value"
"QV","Value of Agricultural Production","716","Zimbabwe","152","Gross Production Value (constant 2014-2016 thousand I$)","0111","Wheat","1976","1976","1000 Int. $","33496","E","Estimated value"
"QV","Value of Agricultural Production","716","Zimbabwe","152","Gross Production Value (constant 2014-2016 thousand I$)","0111","Wheat","1977","1977","1000 Int. $","38968","E","Estimated value"
"QV","Value of Agricultural Production","716","Zimbabwe","152","Gross Production Value (constant 2014-2016 thousand I$)","0111","Wheat","1978","1978","1000 Int. $","48089","E","Estimated value"
"QV","Value of Agricultural Production","716","Zimbabwe","152","Gross Production Value (constant 2014-2016 thousand I$)","0111","Wheat","1979","1979","1000 Int. $","38358","E","Estimated value"
"QV","Value of Agricultural Production","716","Zimbabwe","152","Gross Production Value (constant 2014-2016 thousand I$)","0111","Wheat","1980","1980","1000 Int. $","45290","E","Estimated value"
"QV","Value of Agricultural Production","716","Zimbabwe","152","Gross Production Value (constant 2014-2016 thousand I$)","0111","Wheat","1981","1981","1000 Int. $","43462","E","Estimated value"
"QV","Value of Agricultural Production","716","Zimbabwe","152","Gross Production Value (constant 2014-2016 thousand I$)","0111","Wheat","1982","1982","1000 Int. $","45443","E","Estimated value"
"QV","Value of Agricultural Production","716","Zimbabwe","152","Gross Production Value (constant 2014-2016 thousand I$)","0111","Wheat","1983","1983","1000 Int. $","29426","E","Estimated value"
"QV","Value of Agricultural Production","716","Zimbabwe","152","Gross Production Value (constant 2014-2016 thousand I$)","0111","Wheat","1984","1984","1000 Int. $","23446","E","Estimated value"
"QV","Value of Agricultural Production","716","Zimbabwe","152","Gross Production Value (constant 2014-2016 thousand I$)","0111","Wheat","1985","1985","1000 Int. $","49071","E","Estimated value"
"QV","Value of Agricultural Production","716","Zimbabwe","152","Gross Production Value (constant 2014-2016 thousand I$)","0111","Wheat","1986","1986","1000 Int. $","58816","E","Estimated value"
"QV","Value of Agricultural Production","716","Zimbabwe","152","Gross Production Value (constant 2014-2016 thousand I$)","0111","Wheat","1987","1987","1000 Int. $","50812","E","Estimated value"
"QV","Value of Agricultural Production","716","Zimbabwe","152","Gross Production Value (constant 2014-2016 thousand I$)","0111","Wheat","1988","1988","1000 Int. $","60844","E","Estimated value"
"QV","Value of Agricultural Production","716","Zimbabwe","152","Gross Production Value (constant 2014-2016 thousand I$)","0111","Wheat","1989","1989","1000 Int. $","67221","E","Estimated value"
"QV","Value of Agricultural Production","716","Zimbabwe","152","Gross Production Value (constant 2014-2016 thousand I$)","0111","Wheat","1990","1990","1000 Int. $","77203","E","Estimated value"
"QV","Value of Agricultural Production","716","Zimbabwe","152","Gross Production Value (constant 2014-2016 thousand I$)","0111","Wheat","1991","1991","1000 Int. $","61390","E","Estimated value"
"QV","Value of Agricultural Production","716","Zimbabwe","152","Gross Production Value (constant 2014-2016 thousand I$)","0111","Wheat","1992","1992","1000 Int. $","13499","E","Estimated value"
"QV","Value of Agricultural Production","716","Zimbabwe","152","Gross Production Value (constant 2014-2016 thousand I$)","0111","Wheat","1993","1993","1000 Int. $","65602","E","Estimated value"
"QV","Value of Agricultural Production","716","Zimbabwe","152","Gross Production Value (constant 2014-2016 thousand I$)","0111","Wheat","1994","1994","1000 Int. $","68207","E","Estimated value"
"QV","Value of Agricultural Production","716","Zimbabwe","152","Gross Production Value (constant 2014-2016 thousand I$)","0111","Wheat","1995","1995","1000 Int. $","16578","E","Estimated value"
"QV","Value of Agricultural Production","716","Zimbabwe","152","Gross Production Value (constant 2014-2016 thousand I$)","0111","Wheat","1996","1996","1000 Int. $","62318","E","Estimated value"
"QV","Value of Agricultural Production","716","Zimbabwe","152","Gross Production Value (constant 2014-2016 thousand I$)","0111","Wheat","1997","1997","1000 Int. $","60338","E","Estimated value"
"QV","Value of Agricultural Production","716","Zimbabwe","152","Gross Production Value (constant 2014-2016 thousand I$)","0111","Wheat","1998","1998","1000 Int. $","57342","E","Estimated value"
"QV","Value of Agricultural Production","716","Zimbabwe","152","Gross Production Value (constant 2014-2016 thousand I$)","0111","Wheat","1999","1999","1000 Int. $","61791","E","Estimated value"
"QV","Value of Agricultural Production","716","Zimbabwe","152","Gross Production Value (constant 2014-2016 thousand I$)","0111","Wheat","2000","2000","1000 Int. $","54418","E","Estimated value"
"QV","Value of Agricultural Production","716","Zimbabwe","152","Gross Production Value (constant 2014-2016 thousand I$)","0111","Wheat","2001","2001","1000 Int. $","46780","E","Estimated value"
"QV","Value of Agricultural Production","716","Zimbabwe","152","Gross Production Value (constant 2014-2016 thousand I$)","0111","Wheat","2002","2002","1000 Int. $","46182","E","Estimated value"
"QV","Value of Agricultural Production","716","Zimbabwe","152","Gross Production Value (constant 2014-2016 thousand I$)","0111","Wheat","2003","2003","1000 Int. $","28994","E","Estimated value"
"QV","Value of Agricultural Production","716","Zimbabwe","152","Gross Production Value (constant 2014-2016 thousand I$)","0111","Wheat","2004","2004","1000 Int. $","58509","E","Estimated value"
"QV","Value of Agricultural Production","716","Zimbabwe","152","Gross Production Value (constant 2014-2016 thousand I$)","0111","Wheat","2005","2005","1000 Int. $","54255","E","Estimated value"
"QV","Value of Agricultural Production","716","Zimbabwe","152","Gross Production Value (constant 2014-2016 thousand I$)","0111","Wheat","2006","2006","1000 Int. $","57295","E","Estimated value"
"QV","Value of Agricultural Production","716","Zimbabwe","152","Gross Production Value (constant 2014-2016 thousand I$)","0111","Wheat","2007","2007","1000 Int. $","35314","E","Estimated value"
"QV","Value of Agricultural Production","716","Zimbabwe","152","Gross Production Value (constant 2014-2016 thousand I$)","0111","Wheat","2008","2008","1000 Int. $","7342","E","Estimated value"
"QV","Value of Agricultural Production","716","Zimbabwe","152","Gross Production Value (constant 2014-2016 thousand I$)","0111","Wheat","2009","2009","1000 Int. $","2842","E","Estimated value"
"QV","Value of Agricultural Production","716","Zimbabwe","152","Gross Production Value (constant 2014-2016 thousand I$)","0111","Wheat","2010","2010","1000 Int. $","4263","E","Estimated value"
"QV","Value of Agricultural Production","716","Zimbabwe","152","Gross Production Value (constant 2014-2016 thousand I$)","0111","Wheat","2011","2011","1000 Int. $","5447","E","Estimated value"
"QV","Value of Agricultural Production","716","Zimbabwe","152","Gross Production Value (constant 2014-2016 thousand I$)","0111","Wheat","2012","2012","1000 Int. $","12607","E","Estimated value"
"QV","Value of Agricultural Production","716","Zimbabwe","152","Gross Production Value (constant 2014-2016 thousand I$)","0111","Wheat","2013","2013","1000 Int. $","12070","E","Estimated value"
"QV","Value of Agricultural Production","716","Zimbabwe","152","Gross Production Value (constant 2014-2016 thousand I$)","0111","Wheat","2014","2014","1000 Int. $","9473","E","Estimated value"
"QV","Value of Agricultural Production","716","Zimbabwe","152","Gross Production Value (constant 2014-2016 thousand I$)","0111","Wheat","2015","2015","1000 Int. $","10729","E","Estimated value"
"QV","Value of Agricultural Production","716","Zimbabwe","152","Gross Production Value (constant 2014-2016 thousand I$)","0111","Wheat","2016","2016","1000 Int. $","9949","E","Estimated value"
"QV","Value of Agricultural Production","716","Zimbabwe","152","Gross Production Value (constant 2014-2016 thousand I$)","0111","Wheat","2017","2017","1000 Int. $","9169","E","Estimated value"
"QV","Value of Agricultural Production","716","Zimbabwe","152","Gross Production Value (constant 2014-2016 thousand I$)","0111","Wheat","2018","2018","1000 Int. $","10657","E","Estimated value"
"QV","Value of Agricultural Production","716","Zimbabwe","152","Gross Production Value (constant 2014-2016 thousand I$)","0111","Wheat","2019","2019","1000 Int. $","22424","E","Estimated value"
"QV","Value of Agricultural Production","716","Zimbabwe","152","Gross Production Value (constant 2014-2016 thousand I$)","0111","Wheat","2020","2020","1000 Int. $","50334","E","Estimated value"
"QV","Value of Agricultural Production","716","Zimbabwe","152","Gross Production Value (constant 2014-2016 thousand I$)","0111","Wheat","2021","2021","1000 Int. $","79862","E","Estimated value"
"QV","Value of Agricultural Production","716","Zimbabwe","56","Gross Production Value (current thousand SLC)","0111","Wheat","1991","1991","1000 SLC","372","E","Estimated value"
"QV","Value of Agricultural Production","716","Zimbabwe","56","Gross Production Value (current thousand SLC)","0111","Wheat","1992","1992","1000 SLC","157","E","Estimated value"
"QV","Value of Agricultural Production","716","Zimbabwe","56","Gross Production Value (current thousand SLC)","0111","Wheat","1993","1993","1000 SLC","1110","E","Estimated value"
"QV","Value of Agricultural Production","716","Zimbabwe","56","Gross Production Value (current thousand SLC)","0111","Wheat","1994","1994","1000 SLC","1154","E","Estimated value"
"QV","Value of Agricultural Production","716","Zimbabwe","56","Gross Production Value (current thousand SLC)","0111","Wheat","1995","1995","1000 SLC","435","E","Estimated value"
"QV","Value of Agricultural Production","716","Zimbabwe","56","Gross Production Value (current thousand SLC)","0111","Wheat","1996","1996","1000 SLC","1854","E","Estimated value"
"QV","Value of Agricultural Production","716","Zimbabwe","56","Gross Production Value (current thousand SLC)","0111","Wheat","1997","1997","1000 SLC","1478","E","Estimated value"
"QV","Value of Agricultural Production","716","Zimbabwe","56","Gross Production Value (current thousand SLC)","0111","Wheat","1998","1998","1000 SLC","3345","E","Estimated value"
"QV","Value of Agricultural Production","716","Zimbabwe","56","Gross Production Value (current thousand SLC)","0111","Wheat","1999","1999","1000 SLC","3965","E","Estimated value"
"QV","Value of Agricultural Production","716","Zimbabwe","56","Gross Production Value (current thousand SLC)","0111","Wheat","2000","2000","1000 SLC","5397","E","Estimated value"
"QV","Value of Agricultural Production","716","Zimbabwe","56","Gross Production Value (current thousand SLC)","0111","Wheat","2001","2001","1000 SLC","13918","E","Estimated value"
"QV","Value of Agricultural Production","716","Zimbabwe","56","Gross Production Value (current thousand SLC)","0111","Wheat","2002","2002","1000 SLC","37718","E","Estimated value"
"QV","Value of Agricultural Production","716","Zimbabwe","56","Gross Production Value (current thousand SLC)","0111","Wheat","2003","2003","1000 SLC","262582","E","Estimated value"
"QV","Value of Agricultural Production","716","Zimbabwe","56","Gross Production Value (current thousand SLC)","0111","Wheat","2004","2004","1000 SLC","1194089","E","Estimated value"
"QV","Value of Agricultural Production","716","Zimbabwe","56","Gross Production Value (current thousand SLC)","0111","Wheat","2005","2005","1000 SLC","4380974","E","Estimated value"
"QV","Value of Agricultural Production","716","Zimbabwe","56","Gross Production Value (current thousand SLC)","0111","Wheat","2006","2006","1000 SLC","145662447","E","Estimated value"
"QV","Value of Agricultural Production","716","Zimbabwe","56","Gross Production Value (current thousand SLC)","0111","Wheat","2013","2013","1000 SLC","23750","E","Estimated value"
"QV","Value of Agricultural Production","716","Zimbabwe","56","Gross Production Value (current thousand SLC)","0111","Wheat","2014","2014","1000 SLC","18640","E","Estimated value"
"QV","Value of Agricultural Production","716","Zimbabwe","56","Gross Production Value (current thousand SLC)","0111","Wheat","2015","2015","1000 SLC","22651","E","Estimated value"
"QV","Value of Agricultural Production","716","Zimbabwe","56","Gross Production Value (current thousand SLC)","0111","Wheat","2016","2016","1000 SLC","21004","E","Estimated value"
"QV","Value of Agricultural Production","716","Zimbabwe","56","Gross Production Value (current thousand SLC)","0111","Wheat","2017","2017","1000 SLC","19358","E","Estimated value"
"QV","Value of Agricultural Production","716","Zimbabwe","56","Gross Production Value (current thousand SLC)","0111","Wheat","2018","2018","1000 SLC","27968","E","Estimated value"
"QV","Value of Agricultural Production","716","Zimbabwe","55","Gross Production Value (constant 2014-2016 thousand SLC)","0111","Wheat","1961","1961","1000 SLC","394","E","Estimated value"
"QV","Value of Agricultural Production","716","Zimbabwe","55","Gross Production Value (constant 2014-2016 thousand SLC)","0111","Wheat","1962","1962","1000 SLC","594","E","Estimated value"
"QV","Value of Agricultural Production","716","Zimbabwe","55","Gross Production Value (constant 2014-2016 thousand SLC)","0111","Wheat","1963","1963","1000 SLC","913","E","Estimated value"
"QV","Value of Agricultural Production","716","Zimbabwe","55","Gross Production Value (constant 2014-2016 thousand SLC)","0111","Wheat","1964","1964","1000 SLC","1889","E","Estimated value"
"QV","Value of Agricultural Production","716","Zimbabwe","55","Gross Production Value (constant 2014-2016 thousand SLC)","0111","Wheat","1965","1965","1000 SLC","1862","E","Estimated value"
"QV","Value of Agricultural Production","716","Zimbabwe","55","Gross Production Value (constant 2014-2016 thousand SLC)","0111","Wheat","1966","1966","1000 SLC","4338","E","Estimated value"
"QV","Value of Agricultural Production","716","Zimbabwe","55","Gross Production Value (constant 2014-2016 thousand SLC)","0111","Wheat","1967","1967","1000 SLC","6866","E","Estimated value"
"QV","Value of Agricultural Production","716","Zimbabwe","55","Gross Production Value (constant 2014-2016 thousand SLC)","0111","Wheat","1968","1968","1000 SLC","12814","E","Estimated value"
"QV","Value of Agricultural Production","716","Zimbabwe","55","Gross Production Value (constant 2014-2016 thousand SLC)","0111","Wheat","1969","1969","1000 SLC","19028","E","Estimated value"
"QV","Value of Agricultural Production","716","Zimbabwe","55","Gross Production Value (constant 2014-2016 thousand SLC)","0111","Wheat","1970","1970","1000 SLC","26450","E","Estimated value"
"QV","Value of Agricultural Production","716","Zimbabwe","55","Gross Production Value (constant 2014-2016 thousand SLC)","0111","Wheat","1971","1971","1000 SLC","42604","E","Estimated value"
"QV","Value of Agricultural Production","716","Zimbabwe","55","Gross Production Value (constant 2014-2016 thousand SLC)","0111","Wheat","1972","1972","1000 SLC","40089","E","Estimated value"
"QV","Value of Agricultural Production","716","Zimbabwe","55","Gross Production Value (constant 2014-2016 thousand SLC)","0111","Wheat","1973","1973","1000 SLC","41009","E","Estimated value"
"QV","Value of Agricultural Production","716","Zimbabwe","55","Gross Production Value (constant 2014-2016 thousand SLC)","0111","Wheat","1974","1974","1000 SLC","47588","E","Estimated value"
"QV","Value of Agricultural Production","716","Zimbabwe","55","Gross Production Value (constant 2014-2016 thousand SLC)","0111","Wheat","1975","1975","1000 SLC","59169","E","Estimated value"
"QV","Value of Agricultural Production","716","Zimbabwe","55","Gross Production Value (constant 2014-2016 thousand SLC)","0111","Wheat","1976","1976","1000 SLC","69114","E","Estimated value"
"QV","Value of Agricultural Production","716","Zimbabwe","55","Gross Production Value (constant 2014-2016 thousand SLC)","0111","Wheat","1977","1977","1000 SLC","80405","E","Estimated value"
"QV","Value of Agricultural Production","716","Zimbabwe","55","Gross Production Value (constant 2014-2016 thousand SLC)","0111","Wheat","1978","1978","1000 SLC","99225","E","Estimated value"
"QV","Value of Agricultural Production","716","Zimbabwe","55","Gross Production Value (constant 2014-2016 thousand SLC)","0111","Wheat","1979","1979","1000 SLC","79146","E","Estimated value"
"QV","Value of Agricultural Production","716","Zimbabwe","55","Gross Production Value (constant 2014-2016 thousand SLC)","0111","Wheat","1980","1980","1000 SLC","93450","E","Estimated value"
"QV","Value of Agricultural Production","716","Zimbabwe","55","Gross Production Value (constant 2014-2016 thousand SLC)","0111","Wheat","1981","1981","1000 SLC","89678","E","Estimated value"
"QV","Value of Agricultural Production","716","Zimbabwe","55","Gross Production Value (constant 2014-2016 thousand SLC)","0111","Wheat","1982","1982","1000 SLC","93765","E","Estimated value"
"QV","Value of Agricultural Production","716","Zimbabwe","55","Gross Production Value (constant 2014-2016 thousand SLC)","0111","Wheat","1983","1983","1000 SLC","60717","E","Estimated value"
"QV","Value of Agricultural Production","716","Zimbabwe","55","Gross Production Value (constant 2014-2016 thousand SLC)","0111","Wheat","1984","1984","1000 SLC","48378","E","Estimated value"
"QV","Value of Agricultural Production","716","Zimbabwe","55","Gross Production Value (constant 2014-2016 thousand SLC)","0111","Wheat","1985","1985","1000 SLC","101252","E","Estimated value"
"QV","Value of Agricultural Production","716","Zimbabwe","55","Gross Production Value (constant 2014-2016 thousand SLC)","0111","Wheat","1986","1986","1000 SLC","121358","E","Estimated value"
"QV","Value of Agricultural Production","716","Zimbabwe","55","Gross Production Value (constant 2014-2016 thousand SLC)","0111","Wheat","1987","1987","1000 SLC","104842","E","Estimated value"
"QV","Value of Agricultural Production","716","Zimbabwe","55","Gross Production Value (constant 2014-2016 thousand SLC)","0111","Wheat","1988","1988","1000 SLC","125543","E","Estimated value"
"QV","Value of Agricultural Production","716","Zimbabwe","55","Gross Production Value (constant 2014-2016 thousand SLC)","0111","Wheat","1989","1989","1000 SLC","138701","E","Estimated value"
"QV","Value of Agricultural Production","716","Zimbabwe","55","Gross Production Value (constant 2014-2016 thousand SLC)","0111","Wheat","1990","1990","1000 SLC","159297","E","Estimated value"
"QV","Value of Agricultural Production","716","Zimbabwe","55","Gross Production Value (constant 2014-2016 thousand SLC)","0111","Wheat","1991","1991","1000 SLC","126669","E","Estimated value"
"QV","Value of Agricultural Production","716","Zimbabwe","55","Gross Production Value (constant 2014-2016 thousand SLC)","0111","Wheat","1992","1992","1000 SLC","27854","E","Estimated value"
"QV","Value of Agricultural Production","716","Zimbabwe","55","Gross Production Value (constant 2014-2016 thousand SLC)","0111","Wheat","1993","1993","1000 SLC","135361","E","Estimated value"
"QV","Value of Agricultural Production","716","Zimbabwe","55","Gross Production Value (constant 2014-2016 thousand SLC)","0111","Wheat","1994","1994","1000 SLC","140736","E","Estimated value"
"QV","Value of Agricultural Production","716","Zimbabwe","55","Gross Production Value (constant 2014-2016 thousand SLC)","0111","Wheat","1995","1995","1000 SLC","34207","E","Estimated value"
"QV","Value of Agricultural Production","716","Zimbabwe","55","Gross Production Value (constant 2014-2016 thousand SLC)","0111","Wheat","1996","1996","1000 SLC","128585","E","Estimated value"
"QV","Value of Agricultural Production","716","Zimbabwe","55","Gross Production Value (constant 2014-2016 thousand SLC)","0111","Wheat","1997","1997","1000 SLC","124499","E","Estimated value"
"QV","Value of Agricultural Production","716","Zimbabwe","55","Gross Production Value (constant 2014-2016 thousand SLC)","0111","Wheat","1998","1998","1000 SLC","118316","E","Estimated value"
"QV","Value of Agricultural Production","716","Zimbabwe","55","Gross Production Value (constant 2014-2016 thousand SLC)","0111","Wheat","1999","1999","1000 SLC","127498","E","Estimated value"
"QV","Value of Agricultural Production","716","Zimbabwe","55","Gross Production Value (constant 2014-2016 thousand SLC)","0111","Wheat","2000","2000","1000 SLC","112283","E","Estimated value"
"QV","Value of Agricultural Production","716","Zimbabwe","55","Gross Production Value (constant 2014-2016 thousand SLC)","0111","Wheat","2001","2001","1000 SLC","96524","E","Estimated value"
"QV","Value of Agricultural Production","716","Zimbabwe","55","Gross Production Value (constant 2014-2016 thousand SLC)","0111","Wheat","2002","2002","1000 SLC","95290","E","Estimated value"
"QV","Value of Agricultural Production","716","Zimbabwe","55","Gross Production Value (constant 2014-2016 thousand SLC)","0111","Wheat","2003","2003","1000 SLC","59826","E","Estimated value"
"QV","Value of Agricultural Production","716","Zimbabwe","55","Gross Production Value (constant 2014-2016 thousand SLC)","0111","Wheat","2004","2004","1000 SLC","120724","E","Estimated value"
"QV","Value of Agricultural Production","716","Zimbabwe","55","Gross Production Value (constant 2014-2016 thousand SLC)","0111","Wheat","2005","2005","1000 SLC","111948","E","Estimated value"
"QV","Value of Agricultural Production","716","Zimbabwe","55","Gross Production Value (constant 2014-2016 thousand SLC)","0111","Wheat","2006","2006","1000 SLC","118220","E","Estimated value"
"QV","Value of Agricultural Production","716","Zimbabwe","55","Gross Production Value (constant 2014-2016 thousand SLC)","0111","Wheat","2007","2007","1000 SLC","72865","E","Estimated value"
"QV","Value of Agricultural Production","716","Zimbabwe","55","Gross Production Value (constant 2014-2016 thousand SLC)","0111","Wheat","2008","2008","1000 SLC","15149","E","Estimated value"
"QV","Value of Agricultural Production","716","Zimbabwe","55","Gross Production Value (constant 2014-2016 thousand SLC)","0111","Wheat","2009","2009","1000 SLC","5864","E","Estimated value"
"QV","Value of Agricultural Production","716","Zimbabwe","55","Gross Production Value (constant 2014-2016 thousand SLC)","0111","Wheat","2010","2010","1000 SLC","8796","E","Estimated value"
"QV","Value of Agricultural Production","716","Zimbabwe","55","Gross Production Value (constant 2014-2016 thousand SLC)","0111","Wheat","2011","2011","1000 SLC","11239","E","Estimated value"
"QV","Value of Agricultural Production","716","Zimbabwe","55","Gross Production Value (constant 2014-2016 thousand SLC)","0111","Wheat","2012","2012","1000 SLC","26013","E","Estimated value"
"QV","Value of Agricultural Production","716","Zimbabwe","55","Gross Production Value (constant 2014-2016 thousand SLC)","0111","Wheat","2013","2013","1000 SLC","24905","E","Estimated value"
"QV","Value of Agricultural Production","716","Zimbabwe","55","Gross Production Value (constant 2014-2016 thousand SLC)","0111","Wheat","2014","2014","1000 SLC","19547","E","Estimated value"
"QV","Value of Agricultural Production","716","Zimbabwe","55","Gross Production Value (constant 2014-2016 thousand SLC)","0111","Wheat","2015","2015","1000 SLC","22138","E","Estimated value"
"QV","Value of Agricultural Production","716","Zimbabwe","55","Gross Production Value (constant 2014-2016 thousand SLC)","0111","Wheat","2016","2016","1000 SLC","20528","E","Estimated value"
"QV","Value of Agricultural Production","716","Zimbabwe","55","Gross Production Value (constant 2014-2016 thousand SLC)","0111","Wheat","2017","2017","1000 SLC","18919","E","Estimated value"
"QV","Value of Agricultural Production","716","Zimbabwe","55","Gross Production Value (constant 2014-2016 thousand SLC)","0111","Wheat","2018","2018","1000 SLC","21990","E","Estimated value"
"QV","Value of Agricultural Production","716","Zimbabwe","55","Gross Production Value (constant 2014-2016 thousand SLC)","0111","Wheat","2019","2019","1000 SLC","46269","E","Estimated value"
"QV","Value of Agricultural Production","716","Zimbabwe","55","Gross Production Value (constant 2014-2016 thousand SLC)","0111","Wheat","2020","2020","1000 SLC","103856","E","Estimated value"
"QV","Value of Agricultural Production","716","Zimbabwe","55","Gross Production Value (constant 2014-2016 thousand SLC)","0111","Wheat","2021","2021","1000 SLC","164784","E","Estimated value"
"QV","Value of Agricultural Production","716","Zimbabwe","57","Gross Production Value (current thousand US$)","0111","Wheat","2010","2010","1000 USD","8388","E","Estimated value"
"QV","Value of Agricultural Production","716","Zimbabwe","57","Gross Production Value (current thousand US$)","0111","Wheat","2011","2011","1000 USD","10718","E","Estimated value"
"QV","Value of Agricultural Production","716","Zimbabwe","57","Gross Production Value (current thousand US$)","0111","Wheat","2012","2012","1000 USD","23741","E","Estimated value"
"QV","Value of Agricultural Production","716","Zimbabwe","57","Gross Production Value (current thousand US$)","0111","Wheat","2013","2013","1000 USD","23750","E","Estimated value"
"QV","Value of Agricultural Production","716","Zimbabwe","57","Gross Production Value (current thousand US$)","0111","Wheat","2014","2014","1000 USD","18640","E","Estimated value"
"QV","Value of Agricultural Production","716","Zimbabwe","57","Gross Production Value (current thousand US$)","0111","Wheat","2015","2015","1000 USD","22651","E","Estimated value"
"QV","Value of Agricultural Production","716","Zimbabwe","57","Gross Production Value (current thousand US$)","0111","Wheat","2016","2016","1000 USD","21004","E","Estimated value"
"QV","Value of Agricultural Production","716","Zimbabwe","57","Gross Production Value (current thousand US$)","0111","Wheat","2017","2017","1000 USD","19358","E","Estimated value"
"QV","Value of Agricultural Production","716","Zimbabwe","57","Gross Production Value (current thousand US$)","0111","Wheat","2018","2018","1000 USD","27968","E","Estimated value"
"QV","Value of Agricultural Production","716","Zimbabwe","58","Gross Production Value (constant 2014-2016 thousand US$)","0111","Wheat","1961","1961","1000 USD","394","E","Estimated value"
"QV","Value of Agricultural Production","716","Zimbabwe","58","Gross Production Value (constant 2014-2016 thousand US$)","0111","Wheat","1962","1962","1000 USD","594","E","Estimated value"
"QV","Value of Agricultural Production","716","Zimbabwe","58","Gross Production Value (constant 2014-2016 thousand US$)","0111","Wheat","1963","1963","1000 USD","913","E","Estimated value"
"QV","Value of Agricultural Production","716","Zimbabwe","58","Gross Production Value (constant 2014-2016 thousand US$)","0111","Wheat","1964","1964","1000 USD","1889","E","Estimated value"
"QV","Value of Agricultural Production","716","Zimbabwe","58","Gross Production Value (constant 2014-2016 thousand US$)","0111","Wheat","1965","1965","1000 USD","1862","E","Estimated value"
"QV","Value of Agricultural Production","716","Zimbabwe","58","Gross Production Value (constant 2014-2016 thousand US$)","0111","Wheat","1966","1966","1000 USD","4338","E","Estimated value"
"QV","Value of Agricultural Production","716","Zimbabwe","58","Gross Production Value (constant 2014-2016 thousand US$)","0111","Wheat","1967","1967","1000 USD","6866","E","Estimated value"
"QV","Value of Agricultural Production","716","Zimbabwe","58","Gross Production Value (constant 2014-2016 thousand US$)","0111","Wheat","1968","1968","1000 USD","12814","E","Estimated value"
"QV","Value of Agricultural Production","716","Zimbabwe","58","Gross Production Value (constant 2014-2016 thousand US$)","0111","Wheat","1969","1969","1000 USD","19028","E","Estimated value"
"QV","Value of Agricultural Production","716","Zimbabwe","58","Gross Production Value (constant 2014-2016 thousand US$)","0111","Wheat","1970","1970","1000 USD","26450","E","Estimated value"
"QV","Value of Agricultural Production","716","Zimbabwe","58","Gross Production Value (constant 2014-2016 thousand US$)","0111","Wheat","1971","1971","1000 USD","42604","E","Estimated value"
"QV","Value of Agricultural Production","716","Zimbabwe","58","Gross Production Value (constant 2014-2016 thousand US$)","0111","Wheat","1972","1972","1000 USD","40089","E","Estimated value"
"QV","Value of Agricultural Production","716","Zimbabwe","58","Gross Production Value (constant 2014-2016 thousand US$)","0111","Wheat","1973","1973","1000 USD","41009","E","Estimated value"
"QV","Value of Agricultural Production","716","Zimbabwe","58","Gross Production Value (constant 2014-2016 thousand US$)","0111","Wheat","1974","1974","1000 USD","47588","E","Estimated value"
"QV","Value of Agricultural Production","716","Zimbabwe","58","Gross Production Value (constant 2014-2016 thousand US$)","0111","Wheat","1975","1975","1000 USD","59169","E","Estimated value"
"QV","Value of Agricultural Production","716","Zimbabwe","58","Gross Production Value (constant 2014-2016 thousand US$)","0111","Wheat","1976","1976","1000 USD","69114","E","Estimated value"
"QV","Value of Agricultural Production","716","Zimbabwe","58","Gross Production Value (constant 2014-2016 thousand US$)","0111","Wheat","1977","1977","1000 USD","80405","E","Estimated value"
"QV","Value of Agricultural Production","716","Zimbabwe","58","Gross Production Value (constant 2014-2016 thousand US$)","0111","Wheat","1978","1978","1000 USD","99225","E","Estimated value"
"QV","Value of Agricultural Production","716","Zimbabwe","58","Gross Production Value (constant 2014-2016 thousand US$)","0111","Wheat","1979","1979","1000 USD","79146","E","Estimated value"
"QV","Value of Agricultural Production","716","Zimbabwe","58","Gross Production Value (constant 2014-2016 thousand US$)","0111","Wheat","1980","1980","1000 USD","93450","E","Estimated value"
"QV","Value of Agricultural Production","716","Zimbabwe","58","Gross Production Value (constant 2014-2016 thousand US$)","0111","Wheat","1981","1981","1000 USD","89678","E","Estimated value"
"QV","Value of Agricultural Production","716","Zimbabwe","58","Gross Production Value (constant 2014-2016 thousand US$)","0111","Wheat","1982","1982","1000 USD","93765","E","Estimated value"
"QV","Value of Agricultural Production","716","Zimbabwe","58","Gross Production Value (constant 2014-2016 thousand US$)","0111","Wheat","1983","1983","1000 USD","60717","E","Estimated value"
"QV","Value of Agricultural Production","716","Zimbabwe","58","Gross Production Value (constant 2014-2016 thousand US$)","0111","Wheat","1984","1984","1000 USD","48378","E","Estimated value"
"QV","Value of Agricultural Production","716","Zimbabwe","58","Gross Production Value (constant 2014-2016 thousand US$)","0111","Wheat","1985","1985","1000 USD","101252","E","Estimated value"
"QV","Value of Agricultural Production","716","Zimbabwe","58","Gross Production Value (constant 2014-2016 thousand US$)","0111","Wheat","1986","1986","1000 USD","121358","E","Estimated value"
"QV","Value of Agricultural Production","716","Zimbabwe","58","Gross Production Value (constant 2014-2016 thousand US$)","0111","Wheat","1987","1987","1000 USD","104842","E","Estimated value"
"QV","Value of Agricultural Production","716","Zimbabwe","58","Gross Production Value (constant 2014-2016 thousand US$)","0111","Wheat","1988","1988","1000 USD","125543","E","Estimated value"
"QV","Value of Agricultural Production","716","Zimbabwe","58","Gross Production Value (constant 2014-2016 thousand US$)","0111","Wheat","1989","1989","1000 USD","138701","E","Estimated value"
"QV","Value of Agricultural Production","716","Zimbabwe","58","Gross Production Value (constant 2014-2016 thousand US$)","0111","Wheat","1990","1990","1000 USD","159297","E","Estimated value"
"QV","Value of Agricultural Production","716","Zimbabwe","58","Gross Production Value (constant 2014-2016 thousand US$)","0111","Wheat","1991","1991","1000 USD","126669","E","Estimated value"
"QV","Value of Agricultural Production","716","Zimbabwe","58","Gross Production Value (constant 2014-2016 thousand US$)","0111","Wheat","1992","1992","1000 USD","27854","E","Estimated value"
"QV","Value of Agricultural Production","716","Zimbabwe","58","Gross Production Value (constant 2014-2016 thousand US$)","0111","Wheat","1993","1993","1000 USD","135361","E","Estimated value"
"QV","Value of Agricultural Production","716","Zimbabwe","58","Gross Production Value (constant 2014-2016 thousand US$)","0111","Wheat","1994","1994","1000 USD","140736","E","Estimated value"
"QV","Value of Agricultural Production","716","Zimbabwe","58","Gross Production Value (constant 2014-2016 thousand US$)","0111","Wheat","1995","1995","1000 USD","34207","E","Estimated value"
"QV","Value of Agricultural Production","716","Zimbabwe","58","Gross Production Value (constant 2014-2016 thousand US$)","0111","Wheat","1996","1996","1000 USD","128585","E","Estimated value"
"QV","Value of Agricultural Production","716","Zimbabwe","58","Gross Production Value (constant 2014-2016 thousand US$)","0111","Wheat","1997","1997","1000 USD","124499","E","Estimated value"
"QV","Value of Agricultural Production","716","Zimbabwe","58","Gross Production Value (constant 2014-2016 thousand US$)","0111","Wheat","1998","1998","1000 USD","118316","E","Estimated value"
"QV","Value of Agricultural Production","716","Zimbabwe","58","Gross Production Value (constant 2014-2016 thousand US$)","0111","Wheat","1999","1999","1000 USD","127498","E","Estimated value"
"QV","Value of Agricultural Production","716","Zimbabwe","58","Gross Production Value (constant 2014-2016 thousand US$)","0111","Wheat","2000","2000","1000 USD","112283","E","Estimated value"
"QV","Value of Agricultural Production","716","Zimbabwe","58","Gross Production Value (constant 2014-2016 thousand US$)","0111","Wheat","2001","2001","1000 USD","96524","E","Estimated value"
"QV","Value of Agricultural Production","716","Zimbabwe","58","Gross Production Value (constant 2014-2016 thousand US$)","0111","Wheat","2002","2002","1000 USD","95290","E","Estimated value"
"QV","Value of Agricultural Production","716","Zimbabwe","58","Gross Production Value (constant 2014-2016 thousand US$)","0111","Wheat","2003","2003","1000 USD","59826","E","Estimated value"
"QV","Value of Agricultural Production","716","Zimbabwe","58","Gross Production Value (constant 2014-2016 thousand US$)","0111","Wheat","2004","2004","1000 USD","120724","E","Estimated value"
"QV","Value of Agricultural Production","716","Zimbabwe","58","Gross Production Value (constant 2014-2016 thousand US$)","0111","Wheat","2005","2005","1000 USD","111948","E","Estimated value"
"QV","Value of Agricultural Production","716","Zimbabwe","58","Gross Production Value (constant 2014-2016 thousand US$)","0111","Wheat","2006","2006","1000 USD","118220","E","Estimated value"
"QV","Value of Agricultural Production","716","Zimbabwe","58","Gross Production Value (constant 2014-2016 thousand US$)","0111","Wheat","2007","2007","1000 USD","72865","E","Estimated value"
"QV","Value of Agricultural Production","716","Zimbabwe","58","Gross Production Value (constant 2014-2016 thousand US$)","0111","Wheat","2008","2008","1000 USD","15149","E","Estimated value"
"QV","Value of Agricultural Production","716","Zimbabwe","58","Gross Production Value (constant 2014-2016 thousand US$)","0111","Wheat","2009","2009","1000 USD","5864","E","Estimated value"
"QV","Value of Agricultural Production","716","Zimbabwe","58","Gross Production Value (constant 2014-2016 thousand US$)","0111","Wheat","2010","2010","1000 USD","8796","E","Estimated value"
"QV","Value of Agricultural Production","716","Zimbabwe","58","Gross Production Value (constant 2014-2016 thousand US$)","0111","Wheat","2011","2011","1000 USD","11239","E","Estimated value"
"QV","Value of Agricultural Production","716","Zimbabwe","58","Gross Production Value (constant 2014-2016 thousand US$)","0111","Wheat","2012","2012","1000 USD","26013","E","Estimated value"
"QV","Value of Agricultural Production","716","Zimbabwe","58","Gross Production Value (constant 2014-2016 thousand US$)","0111","Wheat","2013","2013","1000 USD","24905","E","Estimated value"
"QV","Value of Agricultural Production","716","Zimbabwe","58","Gross Production Value (constant 2014-2016 thousand US$)","0111","Wheat","2014","2014","1000 USD","19547","E","Estimated value"
"QV","Value of Agricultural Production","716","Zimbabwe","58","Gross Production Value (constant 2014-2016 thousand US$)","0111","Wheat","2015","2015","1000 USD","22138","E","Estimated value"
"QV","Value of Agricultural Production","716","Zimbabwe","58","Gross Production Value (constant 2014-2016 thousand US$)","0111","Wheat","2016","2016","1000 USD","20528","E","Estimated value"
"QV","Value of Agricultural Production","716","Zimbabwe","58","Gross Production Value (constant 2014-2016 thousand US$)","0111","Wheat","2017","2017","1000 USD","18919","E","Estimated value"
"QV","Value of Agricultural Production","716","Zimbabwe","58","Gross Production Value (constant 2014-2016 thousand US$)","0111","Wheat","2018","2018","1000 USD","21990","E","Estimated value"
"QV","Value of Agricultural Production","716","Zimbabwe","58","Gross Production Value (constant 2014-2016 thousand US$)","0111","Wheat","2019","2019","1000 USD","46269","E","Estimated value"
"QV","Value of Agricultural Production","716","Zimbabwe","58","Gross Production Value (constant 2014-2016 thousand US$)","0111","Wheat","2020","2020","1000 USD","103856","E","Estimated value"
"QV","Value of Agricultural Production","716","Zimbabwe","58","Gross Production Value (constant 2014-2016 thousand US$)","0111","Wheat","2021","2021","1000 USD","164784","E","Estimated value"
